"unitid","institution name","year","institution name","HD2023.UNITID for merged schools","HD2023.Sector of institution"
"100654","Alabama A & M University","2023","Alabama A & M University","-2","Public, 4-year or above"
"100663","University of Alabama at Birmingham","2023","University of Alabama at Birmingham","-2","Public, 4-year or above"
"100706","University of Alabama in Huntsville","2023","University of Alabama in Huntsville","-2","Public, 4-year or above"
"100724","Alabama State University","2023","Alabama State University","-2","Public, 4-year or above"
"100751","The University of Alabama","2023","The University of Alabama","-2","Public, 4-year or above"
"100812","Athens State University","2023","Athens State University","-2","Public, 4-year or above"
"100830","Auburn University at Montgomery","2023","Auburn University at Montgomery","-2","Public, 4-year or above"
"100858","Auburn University","2023","Auburn University","-2","Public, 4-year or above"
"101480","Jacksonville State University","2023","Jacksonville State University","-2","Public, 4-year or above"
"101587","University of West Alabama","2023","University of West Alabama","-2","Public, 4-year or above"
"101709","University of Montevallo","2023","University of Montevallo","-2","Public, 4-year or above"
"101879","University of North Alabama","2023","University of North Alabama","-2","Public, 4-year or above"
"102094","University of South Alabama","2023","University of South Alabama","-2","Public, 4-year or above"
"102368","Troy University","2023","Troy University","-2","Public, 4-year or above"
"102553","University of Alaska Anchorage","2023","University of Alaska Anchorage","-2","Public, 4-year or above"
"102614","University of Alaska Fairbanks","2023","University of Alaska Fairbanks","-2","Public, 4-year or above"
"102632","University of Alaska Southeast","2023","University of Alaska Southeast","-2","Public, 4-year or above"
"104151","Arizona State University Campus Immersion","2023","Arizona State University Campus Immersion","-2","Public, 4-year or above"
"104179","University of Arizona","2023","University of Arizona","-2","Public, 4-year or above"
"104708","Glendale Community College","2023","Glendale Community College","-2","Public, 4-year or above"
"105145","GateWay Community College","2023","GateWay Community College","-2","Public, 4-year or above"
"105297","Dine College","2023","Dine College","-2","Public, 4-year or above"
"105330","Northern Arizona University","2023","Northern Arizona University","-2","Public, 4-year or above"
"105668","Rio Salado College","2023","Rio Salado College","-2","Public, 4-year or above"
"106148","Yavapai College","2023","Yavapai College","-2","Public, 4-year or above"
"106245","University of Arkansas at Little Rock","2023","University of Arkansas at Little Rock","-2","Public, 4-year or above"
"106263","University of Arkansas for Medical Sciences","2023","University of Arkansas for Medical Sciences","-2","Public, 4-year or above"
"106397","University of Arkansas","2023","University of Arkansas","-2","Public, 4-year or above"
"106412","University of Arkansas at Pine Bluff","2023","University of Arkansas at Pine Bluff","-2","Public, 4-year or above"
"106458","Arkansas State University","2023","Arkansas State University","-2","Public, 4-year or above"
"106467","Arkansas Tech University","2023","Arkansas Tech University","-2","Public, 4-year or above"
"106485","University of Arkansas at Monticello","2023","University of Arkansas at Monticello","-2","Public, 4-year or above"
"106704","University of Central Arkansas","2023","University of Central Arkansas","-2","Public, 4-year or above"
"107071","Henderson State University","2023","Henderson State University","-2","Public, 4-year or above"
"107983","Southern Arkansas University Main Campus","2023","Southern Arkansas University Main Campus","-2","Public, 4-year or above"
"108092","University of Arkansas-Fort Smith","2023","University of Arkansas-Fort Smith","-2","Public, 4-year or above"
"109350","Antelope Valley Community College District","2023","Antelope Valley Community College District","-2","Public, 4-year or above"
"109819","Bakersfield College","2023","Bakersfield College","-2","Public, 4-year or above"
"110398","University of California College of the Law-San Francisco","2023","University of California College of the Law-San Francisco","-2","Public, 4-year or above"
"110422","California Polytechnic State University-San Luis Obispo","2023","California Polytechnic State University-San Luis Obispo","-2","Public, 4-year or above"
"110486","California State University-Bakersfield","2023","California State University-Bakersfield","-2","Public, 4-year or above"
"110495","California State University-Stanislaus","2023","California State University-Stanislaus","-2","Public, 4-year or above"
"110510","California State University-San Bernardino","2023","California State University-San Bernardino","-2","Public, 4-year or above"
"110529","California State Polytechnic University-Pomona","2023","California State Polytechnic University-Pomona","-2","Public, 4-year or above"
"110538","California State University-Chico","2023","California State University-Chico","-2","Public, 4-year or above"
"110547","California State University-Dominguez Hills","2023","California State University-Dominguez Hills","-2","Public, 4-year or above"
"110556","California State University-Fresno","2023","California State University-Fresno","-2","Public, 4-year or above"
"110565","California State University-Fullerton","2023","California State University-Fullerton","-2","Public, 4-year or above"
"110574","California State University-East Bay","2023","California State University-East Bay","-2","Public, 4-year or above"
"110583","California State University-Long Beach","2023","California State University-Long Beach","-2","Public, 4-year or above"
"110592","California State University-Los Angeles","2023","California State University-Los Angeles","-2","Public, 4-year or above"
"110608","California State University-Northridge","2023","California State University-Northridge","-2","Public, 4-year or above"
"110617","California State University-Sacramento","2023","California State University-Sacramento","-2","Public, 4-year or above"
"110635","University of California-Berkeley","2023","University of California-Berkeley","-2","Public, 4-year or above"
"110644","University of California-Davis","2023","University of California-Davis","-2","Public, 4-year or above"
"110653","University of California-Irvine","2023","University of California-Irvine","-2","Public, 4-year or above"
"110662","University of California-Los Angeles","2023","University of California-Los Angeles","-2","Public, 4-year or above"
"110671","University of California-Riverside","2023","University of California-Riverside","-2","Public, 4-year or above"
"110680","University of California-San Diego","2023","University of California-San Diego","-2","Public, 4-year or above"
"110699","University of California-San Francisco","2023","University of California-San Francisco","-2","Public, 4-year or above"
"110705","University of California-Santa Barbara","2023","University of California-Santa Barbara","-2","Public, 4-year or above"
"110714","University of California-Santa Cruz","2023","University of California-Santa Cruz","-2","Public, 4-year or above"
"111188","California State University Maritime Academy","2023","California State University Maritime Academy","-2","Public, 4-year or above"
"113236","Cypress College","2023","Cypress College","-2","Public, 4-year or above"
"114433","Feather River Community College District","2023","Feather River Community College District","-2","Public, 4-year or above"
"114716","Foothill College","2023","Foothill College","-2","Public, 4-year or above"
"115755","California State Polytechnic University-Humboldt","2023","California State Polytechnic University-Humboldt","-2","Public, 4-year or above"
"118912","MiraCosta College","2023","MiraCosta College","-2","Public, 4-year or above"
"118976","Modesto Junior College","2023","Modesto Junior College","-2","Public, 4-year or above"
"119678","Naval Postgraduate School","2023","Naval Postgraduate School","-2","Public, 4-year or above"
"121619","Santa Ana College","2023","Santa Ana College","-2","Public, 4-year or above"
"121886","Rio Hondo College","2023","Rio Hondo College","-2","Public, 4-year or above"
"122375","San Diego Mesa College","2023","San Diego Mesa College","-2","Public, 4-year or above"
"122409","San Diego State University","2023","San Diego State University","-2","Public, 4-year or above"
"122597","San Francisco State University","2023","San Francisco State University","-2","Public, 4-year or above"
"122755","San Jose State University","2023","San Jose State University","-2","Public, 4-year or above"
"122977","Santa Monica College","2023","Santa Monica College","-2","Public, 4-year or above"
"123299","Shasta College","2023","Shasta College","-2","Public, 4-year or above"
"123509","Skyline College","2023","Skyline College","-2","Public, 4-year or above"
"123563","Solano Community College","2023","Solano Community College","-2","Public, 4-year or above"
"123572","Sonoma State University","2023","Sonoma State University","-2","Public, 4-year or above"
"125471","West Los Angeles College","2023","West Los Angeles College","-2","Public, 4-year or above"
"126182","Adams State University","2023","Adams State University","-2","Public, 4-year or above"
"126207","Aims Community College","2023","Aims Community College","-2","Public, 4-year or above"
"126289","Arapahoe Community College","2023","Arapahoe Community College","-2","Public, 4-year or above"
"126562","University of Colorado Denver/Anschutz Medical Campus","2023","University of Colorado Denver/Anschutz Medical Campus","-2","Public, 4-year or above"
"126580","University of Colorado Colorado Springs","2023","University of Colorado Colorado Springs","-2","Public, 4-year or above"
"126614","University of Colorado Boulder","2023","University of Colorado Boulder","-2","Public, 4-year or above"
"126711","Colorado Mountain College","2023","Colorado Mountain College","-2","Public, 4-year or above"
"126775","Colorado School of Mines","2023","Colorado School of Mines","-2","Public, 4-year or above"
"126818","Colorado State University-Fort Collins","2023","Colorado State University-Fort Collins","-2","Public, 4-year or above"
"126942","Community College of Denver","2023","Community College of Denver","-2","Public, 4-year or above"
"127185","Fort Lewis College","2023","Fort Lewis College","-2","Public, 4-year or above"
"127200","Front Range Community College","2023","Front Range Community College","-2","Public, 4-year or above"
"127556","Colorado Mesa University","2023","Colorado Mesa University","-2","Public, 4-year or above"
"127565","Metropolitan State University of Denver","2023","Metropolitan State University of Denver","-2","Public, 4-year or above"
"127617","Morgan Community College","2023","Morgan Community College","-2","Public, 4-year or above"
"127741","University of Northern Colorado","2023","University of Northern Colorado","-2","Public, 4-year or above"
"127820","Pikes Peak State College","2023","Pikes Peak State College","-2","Public, 4-year or above"
"127884","Pueblo Community College","2023","Pueblo Community College","-2","Public, 4-year or above"
"127909","Red Rocks Community College","2023","Red Rocks Community College","-2","Public, 4-year or above"
"128106","Colorado State University Pueblo","2023","Colorado State University Pueblo","-2","Public, 4-year or above"
"128258","Trinidad State College","2023","Trinidad State College","-2","Public, 4-year or above"
"128328","United States Air Force Academy","2023","United States Air Force Academy","-2","Public, 4-year or above"
"128391","Western Colorado University","2023","Western Colorado University","-2","Public, 4-year or above"
"128771","Central Connecticut State University","2023","Central Connecticut State University","-2","Public, 4-year or above"
"128780","Charter Oak State College","2023","Charter Oak State College","-2","Public, 4-year or above"
"129020","University of Connecticut","2023","University of Connecticut","-2","Public, 4-year or above"
"129215","Eastern Connecticut State University","2023","Eastern Connecticut State University","-2","Public, 4-year or above"
"130493","Southern Connecticut State University","2023","Southern Connecticut State University","-2","Public, 4-year or above"
"130624","United States Coast Guard Academy","2023","United States Coast Guard Academy","-2","Public, 4-year or above"
"130776","Western Connecticut State University","2023","Western Connecticut State University","-2","Public, 4-year or above"
"130907","Delaware Technical Community College-Terry","2023","Delaware Technical Community College-Terry","-2","Public, 4-year or above"
"130934","Delaware State University","2023","Delaware State University","-2","Public, 4-year or above"
"130943","University of Delaware","2023","University of Delaware","-2","Public, 4-year or above"
"131399","University of the District of Columbia","2023","University of the District of Columbia","-2","Public, 4-year or above"
"132693","Eastern Florida State College","2023","Eastern Florida State College","-2","Public, 4-year or above"
"132709","Broward College","2023","Broward College","-2","Public, 4-year or above"
"132851","College of Central Florida","2023","College of Central Florida","-2","Public, 4-year or above"
"132903","University of Central Florida","2023","University of Central Florida","-2","Public, 4-year or above"
"133021","Chipola College","2023","Chipola College","-2","Public, 4-year or above"
"133386","Daytona State College","2023","Daytona State College","-2","Public, 4-year or above"
"133508","Florida SouthWestern State College","2023","Florida SouthWestern State College","-2","Public, 4-year or above"
"133650","Florida Agricultural and Mechanical University","2023","Florida Agricultural and Mechanical University","-2","Public, 4-year or above"
"133669","Florida Atlantic University","2023","Florida Atlantic University","-2","Public, 4-year or above"
"133702","Florida State College at Jacksonville","2023","Florida State College at Jacksonville","-2","Public, 4-year or above"
"133951","Florida International University","2023","Florida International University","-2","Public, 4-year or above"
"133960","The College of the Florida Keys","2023","The College of the Florida Keys","-2","Public, 4-year or above"
"134097","Florida State University","2023","Florida State University","-2","Public, 4-year or above"
"134130","University of Florida","2023","University of Florida","-2","Public, 4-year or above"
"134343","Gulf Coast State College","2023","Gulf Coast State College","-2","Public, 4-year or above"
"134495","Hillsborough Community College","2023","Hillsborough Community College","-2","Public, 4-year or above"
"134608","Indian River State College","2023","Indian River State College","-2","Public, 4-year or above"
"135160","Florida Gateway College","2023","Florida Gateway College","-2","Public, 4-year or above"
"135188","Lake-Sumter State College","2023","Lake-Sumter State College","-2","Public, 4-year or above"
"135391","State College of Florida-Manatee-Sarasota","2023","State College of Florida-Manatee-Sarasota","-2","Public, 4-year or above"
"135717","Miami Dade College","2023","Miami Dade College","-2","Public, 4-year or above"
"136145","North Florida College","2023","North Florida College","-2","Public, 4-year or above"
"136172","University of North Florida","2023","University of North Florida","-2","Public, 4-year or above"
"136233","Northwest Florida State College","2023","Northwest Florida State College","-2","Public, 4-year or above"
"136358","Palm Beach State College","2023","Palm Beach State College","-2","Public, 4-year or above"
"136400","Pasco-Hernando State College","2023","Pasco-Hernando State College","-2","Public, 4-year or above"
"136473","Pensacola State College","2023","Pensacola State College","-2","Public, 4-year or above"
"136516","Polk State College","2023","Polk State College","-2","Public, 4-year or above"
"137078","St Petersburg College","2023","St Petersburg College","-2","Public, 4-year or above"
"137096","Santa Fe College","2023","Santa Fe College","-2","Public, 4-year or above"
"137209","Seminole State College of Florida","2023","Seminole State College of Florida","-2","Public, 4-year or above"
"137281","Saint Johns River State College","2023","Saint Johns River State College","-2","Public, 4-year or above"
"137315","South Florida State College","2023","South Florida State College","-2","Public, 4-year or above"
"137351","University of South Florida","2023","University of South Florida","-2","Public, 4-year or above"
"137759","Tallahassee Community College","2023","Tallahassee Community College","-2","Public, 4-year or above"
"138187","Valencia College","2023","Valencia College","-2","Public, 4-year or above"
"138354","University of West Florida","2023","University of West Florida","-2","Public, 4-year or above"
"138558","Abraham Baldwin Agricultural College","2023","Abraham Baldwin Agricultural College","-2","Public, 4-year or above"
"138716","Albany State University","2023","Albany State University","-2","Public, 4-year or above"
"138901","Atlanta Metropolitan State College","2023","Atlanta Metropolitan State College","-2","Public, 4-year or above"
"139250","College of Coastal Georgia","2023","College of Coastal Georgia","-2","Public, 4-year or above"
"139311","Clayton  State University","2023","Clayton  State University","-2","Public, 4-year or above"
"139366","Columbus State University","2023","Columbus State University","-2","Public, 4-year or above"
"139463","Dalton State College","2023","Dalton State College","-2","Public, 4-year or above"
"139621","East Georgia State College","2023","East Georgia State College","-2","Public, 4-year or above"
"139700","Georgia Highlands College","2023","Georgia Highlands College","-2","Public, 4-year or above"
"139719","Fort Valley State University","2023","Fort Valley State University","-2","Public, 4-year or above"
"139755","Georgia Institute of Technology-Main Campus","2023","Georgia Institute of Technology-Main Campus","-2","Public, 4-year or above"
"139764","Georgia Southwestern State University","2023","Georgia Southwestern State University","-2","Public, 4-year or above"
"139861","Georgia College & State University","2023","Georgia College & State University","-2","Public, 4-year or above"
"139931","Georgia Southern University","2023","Georgia Southern University","-2","Public, 4-year or above"
"139940","Georgia State University","2023","Georgia State University","-2","Public, 4-year or above"
"139959","University of Georgia","2023","University of Georgia","-2","Public, 4-year or above"
"139968","Gordon State College","2023","Gordon State College","-2","Public, 4-year or above"
"140960","Savannah State University","2023","Savannah State University","-2","Public, 4-year or above"
"141264","Valdosta State University","2023","Valdosta State University","-2","Public, 4-year or above"
"141334","University of West Georgia","2023","University of West Georgia","-2","Public, 4-year or above"
"141565","University of Hawaii at Hilo","2023","University of Hawaii at Hilo","-2","Public, 4-year or above"
"141574","University of Hawaii at Manoa","2023","University of Hawaii at Manoa","-2","Public, 4-year or above"
"141839","University of Hawaii Maui College","2023","University of Hawaii Maui College","-2","Public, 4-year or above"
"141981","University of Hawaii-West Oahu","2023","University of Hawaii-West Oahu","-2","Public, 4-year or above"
"142115","Boise State University","2023","Boise State University","-2","Public, 4-year or above"
"142276","Idaho State University","2023","Idaho State University","-2","Public, 4-year or above"
"142285","University of Idaho","2023","University of Idaho","-2","Public, 4-year or above"
"142328","Lewis-Clark State College","2023","Lewis-Clark State College","-2","Public, 4-year or above"
"142559","College of Southern Idaho","2023","College of Southern Idaho","-2","Public, 4-year or above"
"144005","Chicago State University","2023","Chicago State University","-2","Public, 4-year or above"
"144892","Eastern Illinois University","2023","Eastern Illinois University","-2","Public, 4-year or above"
"145336","Governors State University","2023","Governors State University","-2","Public, 4-year or above"
"145600","University of Illinois Chicago","2023","University of Illinois Chicago","-2","Public, 4-year or above"
"145637","University of Illinois Urbana-Champaign","2023","University of Illinois Urbana-Champaign","-2","Public, 4-year or above"
"145813","Illinois State University","2023","Illinois State University","-2","Public, 4-year or above"
"147703","Northern Illinois University","2023","Northern Illinois University","-2","Public, 4-year or above"
"147776","Northeastern Illinois University","2023","Northeastern Illinois University","-2","Public, 4-year or above"
"148654","University of Illinois Springfield","2023","University of Illinois Springfield","-2","Public, 4-year or above"
"149222","Southern Illinois University-Carbondale","2023","Southern Illinois University-Carbondale","-2","Public, 4-year or above"
"149231","Southern Illinois University-Edwardsville","2023","Southern Illinois University-Edwardsville","-2","Public, 4-year or above"
"149772","Western Illinois University","2023","Western Illinois University","-2","Public, 4-year or above"
"150136","Ball State University","2023","Ball State University","-2","Public, 4-year or above"
"151102","Purdue University Fort Wayne","2023","Purdue University Fort Wayne","-2","Public, 4-year or above"
"151111","Indiana University-Indianapolis","2023","Indiana University-Indianapolis","-2","Public, 4-year or above"
"151306","University of Southern Indiana","2023","University of Southern Indiana","-2","Public, 4-year or above"
"151324","Indiana State University","2023","Indiana State University","-2","Public, 4-year or above"
"151333","Indiana University-Kokomo","2023","Indiana University-Kokomo","-2","Public, 4-year or above"
"151342","Indiana University-South Bend","2023","Indiana University-South Bend","-2","Public, 4-year or above"
"151351","Indiana University-Bloomington","2023","Indiana University-Bloomington","-2","Public, 4-year or above"
"151360","Indiana University-Northwest","2023","Indiana University-Northwest","-2","Public, 4-year or above"
"151379","Indiana University-Southeast","2023","Indiana University-Southeast","-2","Public, 4-year or above"
"151388","Indiana University-East","2023","Indiana University-East","-2","Public, 4-year or above"
"152637","Vincennes University","2023","Vincennes University","-2","Public, 4-year or above"
"153603","Iowa State University","2023","Iowa State University","-2","Public, 4-year or above"
"153658","University of Iowa","2023","University of Iowa","-2","Public, 4-year or above"
"154095","University of Northern Iowa","2023","University of Northern Iowa","-2","Public, 4-year or above"
"155025","Emporia State University","2023","Emporia State University","-2","Public, 4-year or above"
"155061","Fort Hays State University","2023","Fort Hays State University","-2","Public, 4-year or above"
"155140","Haskell Indian Nations University","2023","Haskell Indian Nations University","-2","Public, 4-year or above"
"155317","University of Kansas","2023","University of Kansas","-2","Public, 4-year or above"
"155399","Kansas State University","2023","Kansas State University","-2","Public, 4-year or above"
"155681","Pittsburg State University","2023","Pittsburg State University","-2","Public, 4-year or above"
"156082","Washburn University","2023","Washburn University","-2","Public, 4-year or above"
"156125","Wichita State University","2023","Wichita State University","-2","Public, 4-year or above"
"156620","Eastern Kentucky University","2023","Eastern Kentucky University","-2","Public, 4-year or above"
"157058","Kentucky State University","2023","Kentucky State University","-2","Public, 4-year or above"
"157085","University of Kentucky","2023","University of Kentucky","-2","Public, 4-year or above"
"157289","University of Louisville","2023","University of Louisville","-2","Public, 4-year or above"
"157386","Morehead State University","2023","Morehead State University","-2","Public, 4-year or above"
"157401","Murray State University","2023","Murray State University","-2","Public, 4-year or above"
"157447","Northern Kentucky University","2023","Northern Kentucky University","-2","Public, 4-year or above"
"157951","Western Kentucky University","2023","Western Kentucky University","-2","Public, 4-year or above"
"159009","Grambling State University","2023","Grambling State University","-2","Public, 4-year or above"
"159373","Louisiana State University Health Sciences Center-New Orleans","2023","Louisiana State University Health Sciences Center-New Orleans","-2","Public, 4-year or above"
"159382","Louisiana State University-Alexandria","2023","Louisiana State University-Alexandria","-2","Public, 4-year or above"
"159391","Louisiana State University and Agricultural & Mechanical College","2023","Louisiana State University and Agricultural & Mechanical College","-2","Public, 4-year or above"
"159416","Louisiana State University-Shreveport","2023","Louisiana State University-Shreveport","-2","Public, 4-year or above"
"159647","Louisiana Tech University","2023","Louisiana Tech University","-2","Public, 4-year or above"
"159717","McNeese State University","2023","McNeese State University","-2","Public, 4-year or above"
"159939","University of New Orleans","2023","University of New Orleans","-2","Public, 4-year or above"
"159966","Nicholls State University","2023","Nicholls State University","-2","Public, 4-year or above"
"159993","University of Louisiana at Monroe","2023","University of Louisiana at Monroe","-2","Public, 4-year or above"
"160038","Northwestern State University of Louisiana","2023","Northwestern State University of Louisiana","-2","Public, 4-year or above"
"160612","Southeastern Louisiana University","2023","Southeastern Louisiana University","-2","Public, 4-year or above"
"160621","Southern University and A & M College","2023","Southern University and A & M College","-2","Public, 4-year or above"
"160630","Southern University at New Orleans","2023","Southern University at New Orleans","-2","Public, 4-year or above"
"160658","University of Louisiana at Lafayette","2023","University of Louisiana at Lafayette","-2","Public, 4-year or above"
"161217","University of Maine at Augusta","2023","University of Maine at Augusta","-2","Public, 4-year or above"
"161226","University of Maine at Farmington","2023","University of Maine at Farmington","-2","Public, 4-year or above"
"161235","University of Maine at Fort Kent","2023","University of Maine at Fort Kent","-2","Public, 4-year or above"
"161253","University of Maine","2023","University of Maine","-2","Public, 4-year or above"
"161299","Maine Maritime Academy","2023","Maine Maritime Academy","-2","Public, 4-year or above"
"161341","University of Maine at Presque Isle","2023","University of Maine at Presque Isle","-2","Public, 4-year or above"
"161554","University of Southern Maine","2023","University of Southern Maine","-2","Public, 4-year or above"
"161873","University of Baltimore","2023","University of Baltimore","-2","Public, 4-year or above"
"162007","Bowie State University","2023","Bowie State University","-2","Public, 4-year or above"
"162283","Coppin State University","2023","Coppin State University","-2","Public, 4-year or above"
"162584","Frostburg State University","2023","Frostburg State University","-2","Public, 4-year or above"
"163204","University of Maryland Global Campus","2023","University of Maryland Global Campus","-2","Public, 4-year or above"
"163259","University of Maryland, Baltimore","2023","University of Maryland, Baltimore","-2","Public, 4-year or above"
"163268","University of Maryland-Baltimore County","2023","University of Maryland-Baltimore County","-2","Public, 4-year or above"
"163286","University of Maryland-College Park","2023","University of Maryland-College Park","-2","Public, 4-year or above"
"163338","University of Maryland Eastern Shore","2023","University of Maryland Eastern Shore","-2","Public, 4-year or above"
"163453","Morgan State University","2023","Morgan State University","-2","Public, 4-year or above"
"163851","Salisbury University","2023","Salisbury University","-2","Public, 4-year or above"
"163912","St. Mary's College of Maryland","2023","St. Mary's College of Maryland","-2","Public, 4-year or above"
"164076","Towson University","2023","Towson University","-2","Public, 4-year or above"
"164155","United States Naval Academy","2023","United States Naval Academy","-2","Public, 4-year or above"
"165024","Bridgewater State University","2023","Bridgewater State University","-2","Public, 4-year or above"
"165820","Fitchburg State University","2023","Fitchburg State University","-2","Public, 4-year or above"
"165866","Framingham State University","2023","Framingham State University","-2","Public, 4-year or above"
"166513","University of Massachusetts-Lowell","2023","University of Massachusetts-Lowell","-2","Public, 4-year or above"
"166629","University of Massachusetts-Amherst","2023","University of Massachusetts-Amherst","-2","Public, 4-year or above"
"166638","University of Massachusetts-Boston","2023","University of Massachusetts-Boston","-2","Public, 4-year or above"
"166674","Massachusetts College of Art and Design","2023","Massachusetts College of Art and Design","-2","Public, 4-year or above"
"166692","Massachusetts Maritime Academy","2023","Massachusetts Maritime Academy","-2","Public, 4-year or above"
"166708","University of Massachusetts Chan Medical School","2023","University of Massachusetts Chan Medical School","-2","Public, 4-year or above"
"167288","Massachusetts College of Liberal Arts","2023","Massachusetts College of Liberal Arts","-2","Public, 4-year or above"
"167525","Quincy College","2023","Quincy College","-2","Public, 4-year or above"
"167729","Salem State University","2023","Salem State University","-2","Public, 4-year or above"
"167987","University of Massachusetts-Dartmouth","2023","University of Massachusetts-Dartmouth","-2","Public, 4-year or above"
"168263","Westfield State University","2023","Westfield State University","-2","Public, 4-year or above"
"168430","Worcester State University","2023","Worcester State University","-2","Public, 4-year or above"
"168607","Alpena Community College","2023","Alpena Community College","-2","Public, 4-year or above"
"169248","Central Michigan University","2023","Central Michigan University","-2","Public, 4-year or above"
"169798","Eastern Michigan University","2023","Eastern Michigan University","-2","Public, 4-year or above"
"169910","Ferris State University","2023","Ferris State University","-2","Public, 4-year or above"
"170082","Grand Valley State University","2023","Grand Valley State University","-2","Public, 4-year or above"
"170240","Henry Ford College","2023","Henry Ford College","-2","Public, 4-year or above"
"170444","Jackson College","2023","Jackson College","-2","Public, 4-year or above"
"170639","Lake Superior State University","2023","Lake Superior State University","-2","Public, 4-year or above"
"170976","University of Michigan-Ann Arbor","2023","University of Michigan-Ann Arbor","-2","Public, 4-year or above"
"171100","Michigan State University","2023","Michigan State University","-2","Public, 4-year or above"
"171128","Michigan Technological University","2023","Michigan Technological University","-2","Public, 4-year or above"
"171137","University of Michigan-Dearborn","2023","University of Michigan-Dearborn","-2","Public, 4-year or above"
"171146","University of Michigan-Flint","2023","University of Michigan-Flint","-2","Public, 4-year or above"
"171456","Northern Michigan University","2023","Northern Michigan University","-2","Public, 4-year or above"
"171483","Northwestern Michigan College","2023","Northwestern Michigan College","-2","Public, 4-year or above"
"171571","Oakland University","2023","Oakland University","-2","Public, 4-year or above"
"172051","Saginaw Valley State University","2023","Saginaw Valley State University","-2","Public, 4-year or above"
"172200","Schoolcraft Community College District","2023","Schoolcraft Community College District","-2","Public, 4-year or above"
"172644","Wayne State University","2023","Wayne State University","-2","Public, 4-year or above"
"172699","Western Michigan University","2023","Western Michigan University","-2","Public, 4-year or above"
"173124","Bemidji State University","2023","Bemidji State University","-2","Public, 4-year or above"
"173920","Minnesota State University-Mankato","2023","Minnesota State University-Mankato","-2","Public, 4-year or above"
"174020","Metropolitan State University","2023","Metropolitan State University","-2","Public, 4-year or above"
"174066","University of Minnesota-Twin Cities","2023","University of Minnesota-Twin Cities","-2","Public, 4-year or above"
"174075","University of Minnesota-Crookston","2023","University of Minnesota-Crookston","-2","Public, 4-year or above"
"174233","University of Minnesota-Duluth","2023","University of Minnesota-Duluth","-2","Public, 4-year or above"
"174251","University of Minnesota-Morris","2023","University of Minnesota-Morris","-2","Public, 4-year or above"
"174358","Minnesota State University Moorhead","2023","Minnesota State University Moorhead","-2","Public, 4-year or above"
"174783","Saint Cloud State University","2023","Saint Cloud State University","-2","Public, 4-year or above"
"175078","Southwest Minnesota State University","2023","Southwest Minnesota State University","-2","Public, 4-year or above"
"175272","Winona State University","2023","Winona State University","-2","Public, 4-year or above"
"175342","Alcorn State University","2023","Alcorn State University","-2","Public, 4-year or above"
"175616","Delta State University","2023","Delta State University","-2","Public, 4-year or above"
"175856","Jackson State University","2023","Jackson State University","-2","Public, 4-year or above"
"176017","University of Mississippi","2023","University of Mississippi","-2","Public, 4-year or above"
"176035","Mississippi University for Women","2023","Mississippi University for Women","-2","Public, 4-year or above"
"176044","Mississippi Valley State University","2023","Mississippi Valley State University","-2","Public, 4-year or above"
"176080","Mississippi State University","2023","Mississippi State University","-2","Public, 4-year or above"
"176372","University of Southern Mississippi","2023","University of Southern Mississippi","-2","Public, 4-year or above"
"176965","University of Central Missouri","2023","University of Central Missouri","-2","Public, 4-year or above"
"177472","Ozarks Technical Community College","2023","Ozarks Technical Community College","-2","Public, 4-year or above"
"177551","Harris-Stowe State University","2023","Harris-Stowe State University","-2","Public, 4-year or above"
"177940","Lincoln University","2023","Lincoln University","-2","Public, 4-year or above"
"178341","Missouri Southern State University","2023","Missouri Southern State University","-2","Public, 4-year or above"
"178387","Missouri Western State University","2023","Missouri Western State University","-2","Public, 4-year or above"
"178396","University of Missouri-Columbia","2023","University of Missouri-Columbia","-2","Public, 4-year or above"
"178402","University of Missouri-Kansas City","2023","University of Missouri-Kansas City","-2","Public, 4-year or above"
"178411","Missouri University of Science and Technology","2023","Missouri University of Science and Technology","-2","Public, 4-year or above"
"178420","University of Missouri-St Louis","2023","University of Missouri-St Louis","-2","Public, 4-year or above"
"178615","Truman State University","2023","Truman State University","-2","Public, 4-year or above"
"178624","Northwest Missouri State University","2023","Northwest Missouri State University","-2","Public, 4-year or above"
"179308","Saint Louis Community College","2023","Saint Louis Community College","-2","Public, 4-year or above"
"179557","Southeast Missouri State University","2023","Southeast Missouri State University","-2","Public, 4-year or above"
"179566","Missouri State University-Springfield","2023","Missouri State University-Springfield","-2","Public, 4-year or above"
"180179","Montana State University Billings","2023","Montana State University Billings","-2","Public, 4-year or above"
"180203","Aaniiih Nakoda College","2023","Aaniiih Nakoda College","-2","Public, 4-year or above"
"180416","Montana Technological University","2023","Montana Technological University","-2","Public, 4-year or above"
"180461","Montana State University","2023","Montana State University","-2","Public, 4-year or above"
"180489","The University of Montana","2023","The University of Montana","-2","Public, 4-year or above"
"180522","Montana State University-Northern","2023","Montana State University-Northern","-2","Public, 4-year or above"
"180647","Salish Kootenai College","2023","Salish Kootenai College","-2","Public, 4-year or above"
"180692","The University of Montana-Western","2023","The University of Montana-Western","-2","Public, 4-year or above"
"180948","Chadron State College","2023","Chadron State College","-2","Public, 4-year or above"
"181215","University of Nebraska at Kearney","2023","University of Nebraska at Kearney","-2","Public, 4-year or above"
"181394","University of Nebraska at Omaha","2023","University of Nebraska at Omaha","-2","Public, 4-year or above"
"181419","Nebraska Indian Community College","2023","Nebraska Indian Community College","-2","Public, 4-year or above"
"181428","University of Nebraska Medical Center","2023","University of Nebraska Medical Center","-2","Public, 4-year or above"
"181464","University of Nebraska-Lincoln","2023","University of Nebraska-Lincoln","-2","Public, 4-year or above"
"181534","Peru State College","2023","Peru State College","-2","Public, 4-year or above"
"181783","Wayne State College","2023","Wayne State College","-2","Public, 4-year or above"
"182005","College of Southern Nevada","2023","College of Southern Nevada","-2","Public, 4-year or above"
"182281","University of Nevada-Las Vegas","2023","University of Nevada-Las Vegas","-2","Public, 4-year or above"
"182290","University of Nevada-Reno","2023","University of Nevada-Reno","-2","Public, 4-year or above"
"182306","Great Basin College","2023","Great Basin College","-2","Public, 4-year or above"
"182500","Truckee Meadows Community College","2023","Truckee Meadows Community College","-2","Public, 4-year or above"
"182564","Western Nevada College","2023","Western Nevada College","-2","Public, 4-year or above"
"182829","University of New Hampshire-Franklin Pierce School of Law","2023","University of New Hampshire-Franklin Pierce School of Law","-2","Public, 4-year or above"
"183044","University of New Hampshire-Main Campus","2023","University of New Hampshire-Main Campus","-2","Public, 4-year or above"
"183062","Keene State College","2023","Keene State College","-2","Public, 4-year or above"
"183071","University of New Hampshire at Manchester","2023","University of New Hampshire at Manchester","-2","Public, 4-year or above"
"183080","Plymouth State University","2023","Plymouth State University","-2","Public, 4-year or above"
"183257","University of New Hampshire College of Professional Studies Online","2023","University of New Hampshire College of Professional Studies Online","-2","Public, 4-year or above"
"184782","Rowan University","2023","Rowan University","-2","Public, 4-year or above"
"185129","New Jersey City University","2023","New Jersey City University","-2","Public, 4-year or above"
"185262","Kean University","2023","Kean University","-2","Public, 4-year or above"
"185590","Montclair State University","2023","Montclair State University","-2","Public, 4-year or above"
"185828","New Jersey Institute of Technology","2023","New Jersey Institute of Technology","-2","Public, 4-year or above"
"186201","Ramapo College of New Jersey","2023","Ramapo College of New Jersey","-2","Public, 4-year or above"
"186371","Rutgers University-Camden","2023","Rutgers University-Camden","-2","Public, 4-year or above"
"186380","Rutgers University-New Brunswick","2023","Rutgers University-New Brunswick","-2","Public, 4-year or above"
"186399","Rutgers University-Newark","2023","Rutgers University-Newark","-2","Public, 4-year or above"
"186876","Stockton University","2023","Stockton University","-2","Public, 4-year or above"
"187046","Thomas Edison State University","2023","Thomas Edison State University","-2","Public, 4-year or above"
"187134","The College of New Jersey","2023","The College of New Jersey","-2","Public, 4-year or above"
"187444","William Paterson University of New Jersey","2023","William Paterson University of New Jersey","-2","Public, 4-year or above"
"187596","Navajo Technical University","2023","Navajo Technical University","-2","Public, 4-year or above"
"187648","Eastern New Mexico University-Main Campus","2023","Eastern New Mexico University-Main Campus","-2","Public, 4-year or above"
"187745","Institute of American Indian and Alaska Native Culture and Arts Development","2023","Institute of American Indian and Alaska Native Culture and Arts Development","-2","Public, 4-year or above"
"187897","New Mexico Highlands University","2023","New Mexico Highlands University","-2","Public, 4-year or above"
"187967","New Mexico Institute of Mining and Technology","2023","New Mexico Institute of Mining and Technology","-2","Public, 4-year or above"
"187985","University of New Mexico-Main Campus","2023","University of New Mexico-Main Campus","-2","Public, 4-year or above"
"188030","New Mexico State University-Main Campus","2023","New Mexico State University-Main Campus","-2","Public, 4-year or above"
"188058","Northern New Mexico College","2023","Northern New Mexico College","-2","Public, 4-year or above"
"188304","Western New Mexico University","2023","Western New Mexico University","-2","Public, 4-year or above"
"190512","CUNY Bernard M Baruch College","2023","CUNY Bernard M Baruch College","-2","Public, 4-year or above"
"190549","CUNY Brooklyn College","2023","CUNY Brooklyn College","-2","Public, 4-year or above"
"190558","College of Staten Island CUNY","2023","College of Staten Island CUNY","-2","Public, 4-year or above"
"190567","CUNY City College","2023","CUNY City College","-2","Public, 4-year or above"
"190576","CUNY Graduate School and University Center","2023","CUNY Graduate School and University Center","-2","Public, 4-year or above"
"190594","CUNY Hunter College","2023","CUNY Hunter College","-2","Public, 4-year or above"
"190600","CUNY John Jay College of Criminal Justice","2023","CUNY John Jay College of Criminal Justice","-2","Public, 4-year or above"
"190637","CUNY Lehman College","2023","CUNY Lehman College","-2","Public, 4-year or above"
"190646","CUNY Medgar Evers College","2023","CUNY Medgar Evers College","-2","Public, 4-year or above"
"190655","CUNY New York City College of Technology","2023","CUNY New York City College of Technology","-2","Public, 4-year or above"
"190664","CUNY Queens College","2023","CUNY Queens College","-2","Public, 4-year or above"
"190682","CUNY School of Law","2023","CUNY School of Law","-2","Public, 4-year or above"
"190691","CUNY York College","2023","CUNY York College","-2","Public, 4-year or above"
"191126","Fashion Institute of Technology","2023","Fashion Institute of Technology","-2","Public, 4-year or above"
"196006","SUNY College of Technology at Alfred","2023","SUNY College of Technology at Alfred","-2","Public, 4-year or above"
"196015","SUNY College of Technology at Canton","2023","SUNY College of Technology at Canton","-2","Public, 4-year or above"
"196024","SUNY College of Technology at Delhi","2023","SUNY College of Technology at Delhi","-2","Public, 4-year or above"
"196033","SUNY College of Agriculture and Technology at Cobleskill","2023","SUNY College of Agriculture and Technology at Cobleskill","-2","Public, 4-year or above"
"196042","Farmingdale State College","2023","Farmingdale State College","-2","Public, 4-year or above"
"196051","SUNY Morrisville","2023","SUNY Morrisville","-2","Public, 4-year or above"
"196060","University at Albany","2023","University at Albany","-2","Public, 4-year or above"
"196079","Binghamton University","2023","Binghamton University","-2","Public, 4-year or above"
"196088","University at Buffalo","2023","University at Buffalo","-2","Public, 4-year or above"
"196097","Stony Brook University","2023","Stony Brook University","-2","Public, 4-year or above"
"196103","SUNY College of Environmental Science and Forestry","2023","SUNY College of Environmental Science and Forestry","-2","Public, 4-year or above"
"196112","SUNY Polytechnic Institute","2023","SUNY Polytechnic Institute","-2","Public, 4-year or above"
"196121","SUNY Brockport","2023","SUNY Brockport","-2","Public, 4-year or above"
"196130","SUNY Buffalo State University","2023","SUNY Buffalo State University","-2","Public, 4-year or above"
"196149","State University of New York at Cortland","2023","State University of New York at Cortland","-2","Public, 4-year or above"
"196158","SUNY at Fredonia","2023","SUNY at Fredonia","-2","Public, 4-year or above"
"196167","SUNY College at Geneseo","2023","SUNY College at Geneseo","-2","Public, 4-year or above"
"196176","State University of New York at New Paltz","2023","State University of New York at New Paltz","-2","Public, 4-year or above"
"196185","SUNY Oneonta","2023","SUNY Oneonta","-2","Public, 4-year or above"
"196194","State University of New York at Oswego","2023","State University of New York at Oswego","-2","Public, 4-year or above"
"196200","SUNY College at Potsdam","2023","SUNY College at Potsdam","-2","Public, 4-year or above"
"196219","SUNY at Purchase College","2023","SUNY at Purchase College","-2","Public, 4-year or above"
"196228","SUNY College of Optometry","2023","SUNY College of Optometry","-2","Public, 4-year or above"
"196237","SUNY Old Westbury","2023","SUNY Old Westbury","-2","Public, 4-year or above"
"196246","SUNY College at Plattsburgh","2023","SUNY College at Plattsburgh","-2","Public, 4-year or above"
"196255","SUNY Downstate Health Sciences University","2023","SUNY Downstate Health Sciences University","-2","Public, 4-year or above"
"196264","Empire State University","2023","Empire State University","-2","Public, 4-year or above"
"196291","SUNY Maritime College","2023","SUNY Maritime College","-2","Public, 4-year or above"
"196307","Upstate Medical University","2023","Upstate Medical University","-2","Public, 4-year or above"
"197027","United States Merchant Marine Academy","2023","United States Merchant Marine Academy","-2","Public, 4-year or above"
"197036","United States Military Academy","2023","United States Military Academy","-2","Public, 4-year or above"
"197869","Appalachian State University","2023","Appalachian State University","-2","Public, 4-year or above"
"198464","East Carolina University","2023","East Carolina University","-2","Public, 4-year or above"
"198507","Elizabeth City State University","2023","Elizabeth City State University","-2","Public, 4-year or above"
"198543","Fayetteville State University","2023","Fayetteville State University","-2","Public, 4-year or above"
"199102","North Carolina A & T State University","2023","North Carolina A & T State University","-2","Public, 4-year or above"
"199111","University of North Carolina Asheville","2023","University of North Carolina Asheville","-2","Public, 4-year or above"
"199120","University of North Carolina at Chapel Hill","2023","University of North Carolina at Chapel Hill","-2","Public, 4-year or above"
"199139","University of North Carolina at Charlotte","2023","University of North Carolina at Charlotte","-2","Public, 4-year or above"
"199148","University of North Carolina at Greensboro","2023","University of North Carolina at Greensboro","-2","Public, 4-year or above"
"199157","North Carolina Central University","2023","North Carolina Central University","-2","Public, 4-year or above"
"199184","University of North Carolina School of the Arts","2023","University of North Carolina School of the Arts","-2","Public, 4-year or above"
"199193","North Carolina State University at Raleigh","2023","North Carolina State University at Raleigh","-2","Public, 4-year or above"
"199218","University of North Carolina Wilmington","2023","University of North Carolina Wilmington","-2","Public, 4-year or above"
"199281","University of North Carolina at Pembroke","2023","University of North Carolina at Pembroke","-2","Public, 4-year or above"
"199999","Winston-Salem State University","2023","Winston-Salem State University","-2","Public, 4-year or above"
"200004","Western Carolina University","2023","Western Carolina University","-2","Public, 4-year or above"
"200022","Bismarck State College","2023","Bismarck State College","-2","Public, 4-year or above"
"200059","Dickinson State University","2023","Dickinson State University","-2","Public, 4-year or above"
"200086","Nueta Hidatsa Sahnish College","2023","Nueta Hidatsa Sahnish College","-2","Public, 4-year or above"
"200226","Mayville State University","2023","Mayville State University","-2","Public, 4-year or above"
"200253","Minot State University","2023","Minot State University","-2","Public, 4-year or above"
"200280","University of North Dakota","2023","University of North Dakota","-2","Public, 4-year or above"
"200332","North Dakota State University-Main Campus","2023","North Dakota State University-Main Campus","-2","Public, 4-year or above"
"200466","Sitting Bull College","2023","Sitting Bull College","-2","Public, 4-year or above"
"200572","Valley City State University","2023","Valley City State University","-2","Public, 4-year or above"
"200697","Air Force Institute of Technology-Graduate School of Engineering & Management","2023","Air Force Institute of Technology-Graduate School of Engineering & Management","-2","Public, 4-year or above"
"200800","University of Akron Main Campus","2023","University of Akron Main Campus","-2","Public, 4-year or above"
"201432","Bowling Green State University-Firelands","2023","Bowling Green State University-Firelands","-2","Public, 4-year or above"
"201441","Bowling Green State University-Main Campus","2023","Bowling Green State University-Main Campus","-2","Public, 4-year or above"
"201672","Central Ohio Technical College","2023","Central Ohio Technical College","-2","Public, 4-year or above"
"201690","Central State University","2023","Central State University","-2","Public, 4-year or above"
"201885","University of Cincinnati-Main Campus","2023","University of Cincinnati-Main Campus","-2","Public, 4-year or above"
"201928","Cincinnati State Technical and Community College","2023","Cincinnati State Technical and Community College","-2","Public, 4-year or above"
"201946","University of Cincinnati-Clermont College","2023","University of Cincinnati-Clermont College","-2","Public, 4-year or above"
"201955","University of Cincinnati-Blue Ash College","2023","University of Cincinnati-Blue Ash College","-2","Public, 4-year or above"
"201973","Clark State College","2023","Clark State College","-2","Public, 4-year or above"
"202134","Cleveland State University","2023","Cleveland State University","-2","Public, 4-year or above"
"203447","Kent State University at Ashtabula","2023","Kent State University at Ashtabula","-2","Public, 4-year or above"
"203456","Kent State University at East Liverpool","2023","Kent State University at East Liverpool","-2","Public, 4-year or above"
"203465","Kent State University at Stark","2023","Kent State University at Stark","-2","Public, 4-year or above"
"203474","Kent State University at Trumbull","2023","Kent State University at Trumbull","-2","Public, 4-year or above"
"203483","Kent State University at Tuscarawas","2023","Kent State University at Tuscarawas","-2","Public, 4-year or above"
"203492","Kent State University at Salem","2023","Kent State University at Salem","-2","Public, 4-year or above"
"203517","Kent State University at Kent","2023","Kent State University at Kent","-2","Public, 4-year or above"
"203526","Kent State University at Geauga","2023","Kent State University at Geauga","-2","Public, 4-year or above"
"203678","James A. Rhodes State College","2023","James A. Rhodes State College","-2","Public, 4-year or above"
"203748","Lorain County Community College","2023","Lorain County Community College","-2","Public, 4-year or above"
"203881","Marion Technical College","2023","Marion Technical College","-2","Public, 4-year or above"
"204006","Miami University-Hamilton","2023","Miami University-Hamilton","-2","Public, 4-year or above"
"204015","Miami University-Middletown","2023","Miami University-Middletown","-2","Public, 4-year or above"
"204024","Miami University-Oxford","2023","Miami University-Oxford","-2","Public, 4-year or above"
"204255","Zane State College","2023","Zane State College","-2","Public, 4-year or above"
"204422","North Central State College","2023","North Central State College","-2","Public, 4-year or above"
"204477","Northeast Ohio Medical University","2023","Northeast Ohio Medical University","-2","Public, 4-year or above"
"204671","Ohio State University-Lima Campus","2023","Ohio State University-Lima Campus","-2","Public, 4-year or above"
"204680","Ohio State University-Mansfield Campus","2023","Ohio State University-Mansfield Campus","-2","Public, 4-year or above"
"204699","Ohio State University-Marion Campus","2023","Ohio State University-Marion Campus","-2","Public, 4-year or above"
"204705","Ohio State University-Newark Campus","2023","Ohio State University-Newark Campus","-2","Public, 4-year or above"
"204796","Ohio State University-Main Campus","2023","Ohio State University-Main Campus","-2","Public, 4-year or above"
"204802","Ohio University-Eastern Campus","2023","Ohio University-Eastern Campus","-2","Public, 4-year or above"
"204820","Ohio University-Chillicothe Campus","2023","Ohio University-Chillicothe Campus","-2","Public, 4-year or above"
"204839","Ohio University-Southern Campus","2023","Ohio University-Southern Campus","-2","Public, 4-year or above"
"204848","Ohio University-Lancaster Campus","2023","Ohio University-Lancaster Campus","-2","Public, 4-year or above"
"204857","Ohio University-Main Campus","2023","Ohio University-Main Campus","-2","Public, 4-year or above"
"204866","Ohio University-Zanesville Campus","2023","Ohio University-Zanesville Campus","-2","Public, 4-year or above"
"205443","Shawnee State University","2023","Shawnee State University","-2","Public, 4-year or above"
"205470","Sinclair Community College","2023","Sinclair Community College","-2","Public, 4-year or above"
"206084","University of Toledo","2023","University of Toledo","-2","Public, 4-year or above"
"206446","Washington State Community College","2023","Washington State Community College","-2","Public, 4-year or above"
"206604","Wright State University-Main Campus","2023","Wright State University-Main Campus","-2","Public, 4-year or above"
"206613","Wright State University-Lake Campus","2023","Wright State University-Lake Campus","-2","Public, 4-year or above"
"206695","Youngstown State University","2023","Youngstown State University","-2","Public, 4-year or above"
"206914","Cameron University","2023","Cameron University","-2","Public, 4-year or above"
"206941","University of Central Oklahoma","2023","University of Central Oklahoma","-2","Public, 4-year or above"
"207041","East Central University","2023","East Central University","-2","Public, 4-year or above"
"207209","Langston University","2023","Langston University","-2","Public, 4-year or above"
"207263","Northeastern State University","2023","Northeastern State University","-2","Public, 4-year or above"
"207306","Northwestern Oklahoma State University","2023","Northwestern Oklahoma State University","-2","Public, 4-year or above"
"207315","Oklahoma State University Center for Health Sciences","2023","Oklahoma State University Center for Health Sciences","-2","Public, 4-year or above"
"207342","University of Oklahoma-Health Sciences Center","2023","University of Oklahoma-Health Sciences Center","-2","Public, 4-year or above"
"207351","Oklahoma Panhandle State University","2023","Oklahoma Panhandle State University","-2","Public, 4-year or above"
"207388","Oklahoma State University-Main Campus","2023","Oklahoma State University-Main Campus","-2","Public, 4-year or above"
"207397","Oklahoma State University-Oklahoma City","2023","Oklahoma State University-Oklahoma City","-2","Public, 4-year or above"
"207500","University of Oklahoma-Norman Campus","2023","University of Oklahoma-Norman Campus","-2","Public, 4-year or above"
"207564","Oklahoma State University Institute of Technology","2023","Oklahoma State University Institute of Technology","-2","Public, 4-year or above"
"207661","Rogers State University","2023","Rogers State University","-2","Public, 4-year or above"
"207722","University of Science and Arts of Oklahoma","2023","University of Science and Arts of Oklahoma","-2","Public, 4-year or above"
"207847","Southeastern Oklahoma State University","2023","Southeastern Oklahoma State University","-2","Public, 4-year or above"
"207865","Southwestern Oklahoma State University","2023","Southwestern Oklahoma State University","-2","Public, 4-year or above"
"208390","Chemeketa Community College","2023","Chemeketa Community College","-2","Public, 4-year or above"
"208646","Eastern Oregon University","2023","Eastern Oregon University","-2","Public, 4-year or above"
"209250","Mt Hood Community College","2023","Mt Hood Community College","-2","Public, 4-year or above"
"209490","Oregon Health & Science University","2023","Oregon Health & Science University","-2","Public, 4-year or above"
"209506","Oregon Institute of Technology","2023","Oregon Institute of Technology","-2","Public, 4-year or above"
"209542","Oregon State University","2023","Oregon State University","-2","Public, 4-year or above"
"209551","University of Oregon","2023","University of Oregon","-2","Public, 4-year or above"
"209807","Portland State University","2023","Portland State University","-2","Public, 4-year or above"
"210146","Southern Oregon University","2023","Southern Oregon University","-2","Public, 4-year or above"
"210429","Western Oregon University","2023","Western Oregon University","-2","Public, 4-year or above"
"211608","Cheyney University of Pennsylvania","2023","Cheyney University of Pennsylvania","-2","Public, 4-year or above"
"212115","East Stroudsburg University of Pennsylvania","2023","East Stroudsburg University of Pennsylvania","-2","Public, 4-year or above"
"213020","Indiana University of Pennsylvania-Main Campus","2023","Indiana University of Pennsylvania-Main Campus","-2","Public, 4-year or above"
"213349","Kutztown University of Pennsylvania","2023","Kutztown University of Pennsylvania","-2","Public, 4-year or above"
"213598","Lincoln University","2023","Lincoln University","-2","Public, 4-year or above"
"214041","Millersville University of Pennsylvania","2023","Millersville University of Pennsylvania","-2","Public, 4-year or above"
"214591","Pennsylvania State University-Penn State Erie-Behrend College","2023","Pennsylvania State University-Penn State Erie-Behrend College","-2","Public, 4-year or above"
"214607","Pennsylvania State University-Penn State Great Valley","2023","Pennsylvania State University-Penn State Great Valley","-2","Public, 4-year or above"
"214625","Pennsylvania State University-Penn State New Kensington","2023","Pennsylvania State University-Penn State New Kensington","-2","Public, 4-year or above"
"214634","Pennsylvania State University-Penn State Shenango","2023","Pennsylvania State University-Penn State Shenango","-2","Public, 4-year or above"
"214643","Pennsylvania State University-Penn State Wilkes-Barre","2023","Pennsylvania State University-Penn State Wilkes-Barre","-2","Public, 4-year or above"
"214652","Pennsylvania State University-Penn State Scranton","2023","Pennsylvania State University-Penn State Scranton","-2","Public, 4-year or above"
"214670","Pennsylvania State University-Penn State Lehigh Valley","2023","Pennsylvania State University-Penn State Lehigh Valley","-2","Public, 4-year or above"
"214689","Pennsylvania State University-Penn State Altoona","2023","Pennsylvania State University-Penn State Altoona","-2","Public, 4-year or above"
"214698","Pennsylvania State University-Penn State Beaver","2023","Pennsylvania State University-Penn State Beaver","-2","Public, 4-year or above"
"214704","Pennsylvania State University-Penn State Berks","2023","Pennsylvania State University-Penn State Berks","-2","Public, 4-year or above"
"214713","Pennsylvania State University-Penn State Harrisburg","2023","Pennsylvania State University-Penn State Harrisburg","-2","Public, 4-year or above"
"214731","Pennsylvania State University-Penn State Brandywine","2023","Pennsylvania State University-Penn State Brandywine","-2","Public, 4-year or above"
"214740","Pennsylvania State University-Penn State DuBois","2023","Pennsylvania State University-Penn State DuBois","-2","Public, 4-year or above"
"214759","Pennsylvania State University-Penn State Fayette- Eberly","2023","Pennsylvania State University-Penn State Fayette- Eberly","-2","Public, 4-year or above"
"214768","Pennsylvania State University-Penn State Hazleton","2023","Pennsylvania State University-Penn State Hazleton","-2","Public, 4-year or above"
"214777","Pennsylvania State University-Main Campus","2023","Pennsylvania State University-Main Campus","-2","Public, 4-year or above"
"214786","Pennsylvania State University-Penn State Greater Allegheny","2023","Pennsylvania State University-Penn State Greater Allegheny","-2","Public, 4-year or above"
"214795","Pennsylvania State University-Penn State Mont Alto","2023","Pennsylvania State University-Penn State Mont Alto","-2","Public, 4-year or above"
"214801","Pennsylvania State University-Penn State Abington","2023","Pennsylvania State University-Penn State Abington","-2","Public, 4-year or above"
"214810","Pennsylvania State University-Penn State Schuylkill","2023","Pennsylvania State University-Penn State Schuylkill","-2","Public, 4-year or above"
"214829","Pennsylvania State University-Penn State York","2023","Pennsylvania State University-Penn State York","-2","Public, 4-year or above"
"215266","University of Pittsburgh-Bradford","2023","University of Pittsburgh-Bradford","-2","Public, 4-year or above"
"215275","University of Pittsburgh-Greensburg","2023","University of Pittsburgh-Greensburg","-2","Public, 4-year or above"
"215284","University of Pittsburgh-Johnstown","2023","University of Pittsburgh-Johnstown","-2","Public, 4-year or above"
"215293","University of Pittsburgh-Pittsburgh Campus","2023","University of Pittsburgh-Pittsburgh Campus","-2","Public, 4-year or above"
"216010","Shippensburg University of Pennsylvania","2023","Shippensburg University of Pennsylvania","-2","Public, 4-year or above"
"216038","Slippery Rock University of Pennsylvania","2023","Slippery Rock University of Pennsylvania","-2","Public, 4-year or above"
"216339","Temple University","2023","Temple University","-2","Public, 4-year or above"
"216764","West Chester University of Pennsylvania","2023","West Chester University of Pennsylvania","-2","Public, 4-year or above"
"217420","Rhode Island College","2023","Rhode Island College","-2","Public, 4-year or above"
"217484","University of Rhode Island","2023","University of Rhode Island","-2","Public, 4-year or above"
"217819","College of Charleston","2023","College of Charleston","-2","Public, 4-year or above"
"217864","Citadel Military College of South Carolina","2023","Citadel Military College of South Carolina","-2","Public, 4-year or above"
"217882","Clemson University","2023","Clemson University","-2","Public, 4-year or above"
"218061","Francis Marion University","2023","Francis Marion University","-2","Public, 4-year or above"
"218113","Greenville Technical College","2023","Greenville Technical College","-2","Public, 4-year or above"
"218229","Lander University","2023","Lander University","-2","Public, 4-year or above"
"218335","Medical University of South Carolina","2023","Medical University of South Carolina","-2","Public, 4-year or above"
"218645","University of South Carolina Aiken","2023","University of South Carolina Aiken","-2","Public, 4-year or above"
"218654","University of South Carolina Beaufort","2023","University of South Carolina Beaufort","-2","Public, 4-year or above"
"218663","University of South Carolina-Columbia","2023","University of South Carolina-Columbia","-2","Public, 4-year or above"
"218724","Coastal Carolina University","2023","Coastal Carolina University","-2","Public, 4-year or above"
"218733","South Carolina State University","2023","South Carolina State University","-2","Public, 4-year or above"
"218742","University of South Carolina-Upstate","2023","University of South Carolina-Upstate","-2","Public, 4-year or above"
"218964","Winthrop University","2023","Winthrop University","-2","Public, 4-year or above"
"219046","Black Hills State University","2023","Black Hills State University","-2","Public, 4-year or above"
"219082","Dakota State University","2023","Dakota State University","-2","Public, 4-year or above"
"219259","Northern State University","2023","Northern State University","-2","Public, 4-year or above"
"219277","Oglala Lakota College","2023","Oglala Lakota College","-2","Public, 4-year or above"
"219347","South Dakota School of Mines and Technology","2023","South Dakota School of Mines and Technology","-2","Public, 4-year or above"
"219356","South Dakota State University","2023","South Dakota State University","-2","Public, 4-year or above"
"219374","Sinte Gleska University","2023","Sinte Gleska University","-2","Public, 4-year or above"
"219408","Sisseton Wahpeton College","2023","Sisseton Wahpeton College","-2","Public, 4-year or above"
"219471","University of South Dakota","2023","University of South Dakota","-2","Public, 4-year or above"
"219602","Austin Peay State University","2023","Austin Peay State University","-2","Public, 4-year or above"
"220075","East Tennessee State University","2023","East Tennessee State University","-2","Public, 4-year or above"
"220701","The University of Tennessee Southern","2023","The University of Tennessee Southern","-2","Public, 4-year or above"
"220862","University of Memphis","2023","University of Memphis","-2","Public, 4-year or above"
"220978","Middle Tennessee State University","2023","Middle Tennessee State University","-2","Public, 4-year or above"
"221740","The University of Tennessee-Chattanooga","2023","The University of Tennessee-Chattanooga","-2","Public, 4-year or above"
"221759","The University of Tennessee-Knoxville","2023","The University of Tennessee-Knoxville","-2","Public, 4-year or above"
"221768","The University of Tennessee-Martin","2023","The University of Tennessee-Martin","-2","Public, 4-year or above"
"221838","Tennessee State University","2023","Tennessee State University","-2","Public, 4-year or above"
"221847","Tennessee Technological University","2023","Tennessee Technological University","-2","Public, 4-year or above"
"222831","Angelo State University","2023","Angelo State University","-2","Public, 4-year or above"
"222992","Austin Community College District","2023","Austin Community College District","-2","Public, 4-year or above"
"223506","Brazosport College","2023","Brazosport College","-2","Public, 4-year or above"
"224147","Texas A & M University-Corpus Christi","2023","Texas A & M University-Corpus Christi","-2","Public, 4-year or above"
"224350","Del Mar College","2023","Del Mar College","-2","Public, 4-year or above"
"224545","Texas A&M University-Texarkana","2023","Texas A&M University-Texarkana","-2","Public, 4-year or above"
"224554","Texas A & M University-Commerce","2023","Texas A & M University-Commerce","-2","Public, 4-year or above"
"224615","Dallas College","2023","Dallas College","-2","Public, 4-year or above"
"224961","Galveston College","2023","Galveston College","-2","Public, 4-year or above"
"225070","Grayson College","2023","Grayson College","-2","Public, 4-year or above"
"225308","Trinity Valley Community College","2023","Trinity Valley Community College","-2","Public, 4-year or above"
"225414","University of Houston-Clear Lake","2023","University of Houston-Clear Lake","-2","Public, 4-year or above"
"225423","Houston Community College","2023","Houston Community College","-2","Public, 4-year or above"
"225432","University of Houston-Downtown","2023","University of Houston-Downtown","-2","Public, 4-year or above"
"225502","University of Houston-Victoria","2023","University of Houston-Victoria","-2","Public, 4-year or above"
"225511","University of Houston","2023","University of Houston","-2","Public, 4-year or above"
"226091","Lamar University","2023","Lamar University","-2","Public, 4-year or above"
"226134","Laredo College","2023","Laredo College","-2","Public, 4-year or above"
"226152","Texas A & M International University","2023","Texas A & M International University","-2","Public, 4-year or above"
"226408","College of the Mainland","2023","College of the Mainland","-2","Public, 4-year or above"
"226806","Midland College","2023","Midland College","-2","Public, 4-year or above"
"226833","Midwestern State University","2023","Midwestern State University","-2","Public, 4-year or above"
"227146","Navarro College","2023","Navarro College","-2","Public, 4-year or above"
"227182","Lone Star College System","2023","Lone Star College System","-2","Public, 4-year or above"
"227216","University of North Texas","2023","University of North Texas","-2","Public, 4-year or above"
"227304","Odessa College","2023","Odessa College","-2","Public, 4-year or above"
"227368","The University of Texas Rio Grande Valley","2023","The University of Texas Rio Grande Valley","-2","Public, 4-year or above"
"227526","Prairie View A & M University","2023","Prairie View A & M University","-2","Public, 4-year or above"
"227881","Sam Houston State University","2023","Sam Houston State University","-2","Public, 4-year or above"
"227924","San Antonio College","2023","San Antonio College","-2","Public, 4-year or above"
"227979","San Jacinto Community College","2023","San Jacinto Community College","-2","Public, 4-year or above"
"228431","Stephen F Austin State University","2023","Stephen F Austin State University","-2","Public, 4-year or above"
"228459","Texas State University","2023","Texas State University","-2","Public, 4-year or above"
"228501","Sul Ross State University","2023","Sul Ross State University","-2","Public, 4-year or above"
"228529","Tarleton State University","2023","Tarleton State University","-2","Public, 4-year or above"
"228635","University of Texas Southwestern Medical Center","2023","University of Texas Southwestern Medical Center","-2","Public, 4-year or above"
"228644","The University of Texas Health Science Center at San Antonio","2023","The University of Texas Health Science Center at San Antonio","-2","Public, 4-year or above"
"228653","The University of Texas Medical Branch at Galveston","2023","The University of Texas Medical Branch at Galveston","-2","Public, 4-year or above"
"228705","Texas A & M University-Kingsville","2023","Texas A & M University-Kingsville","-2","Public, 4-year or above"
"228723","Texas A & M University-College Station","2023","Texas A & M University-College Station","-2","Public, 4-year or above"
"228769","The University of Texas at Arlington","2023","The University of Texas at Arlington","-2","Public, 4-year or above"
"228778","The University of Texas at Austin","2023","The University of Texas at Austin","-2","Public, 4-year or above"
"228787","The University of Texas at Dallas","2023","The University of Texas at Dallas","-2","Public, 4-year or above"
"228796","The University of Texas at El Paso","2023","The University of Texas at El Paso","-2","Public, 4-year or above"
"228802","The University of Texas at Tyler","2023","The University of Texas at Tyler","-2","Public, 4-year or above"
"228909","University of North Texas Health Science Center","2023","University of North Texas Health Science Center","-2","Public, 4-year or above"
"229018","The University of Texas Permian Basin","2023","The University of Texas Permian Basin","-2","Public, 4-year or above"
"229027","The University of Texas at San Antonio","2023","The University of Texas at San Antonio","-2","Public, 4-year or above"
"229063","Texas Southern University","2023","Texas Southern University","-2","Public, 4-year or above"
"229115","Texas Tech University","2023","Texas Tech University","-2","Public, 4-year or above"
"229179","Texas Woman's University","2023","Texas Woman's University","-2","Public, 4-year or above"
"229300","The University of Texas Health Science Center at Houston","2023","The University of Texas Health Science Center at Houston","-2","Public, 4-year or above"
"229337","Texas Tech University Health Sciences Center","2023","Texas Tech University Health Sciences Center","-2","Public, 4-year or above"
"229355","Tyler Junior College","2023","Tyler Junior College","-2","Public, 4-year or above"
"229799","Weatherford College","2023","Weatherford College","-2","Public, 4-year or above"
"229814","West Texas A & M University","2023","West Texas A & M University","-2","Public, 4-year or above"
"230171","Utah Tech University","2023","Utah Tech University","-2","Public, 4-year or above"
"230597","Snow College","2023","Snow College","-2","Public, 4-year or above"
"230603","Southern Utah University","2023","Southern Utah University","-2","Public, 4-year or above"
"230728","Utah State University","2023","Utah State University","-2","Public, 4-year or above"
"230737","Utah Valley University","2023","Utah Valley University","-2","Public, 4-year or above"
"230764","University of Utah","2023","University of Utah","-2","Public, 4-year or above"
"230782","Weber State University","2023","Weber State University","-2","Public, 4-year or above"
"230834","Castleton University","2023","Castleton University","231165","Public, 4-year or above"
"230913","Northern Vermont University","2023","Northern Vermont University","231165","Public, 4-year or above"
"231165","Vermont State University","2023","Vermont State University","-2","Public, 4-year or above"
"231174","University of Vermont","2023","University of Vermont","-2","Public, 4-year or above"
"231624","William & Mary","2023","William & Mary","-2","Public, 4-year or above"
"231712","Christopher Newport University","2023","Christopher Newport University","-2","Public, 4-year or above"
"231970","Eastern Virginia Medical School","2023","Eastern Virginia Medical School","-2","Public, 4-year or above"
"232186","George Mason University","2023","George Mason University","-2","Public, 4-year or above"
"232423","James Madison University","2023","James Madison University","-2","Public, 4-year or above"
"232566","Longwood University","2023","Longwood University","-2","Public, 4-year or above"
"232681","University of Mary Washington","2023","University of Mary Washington","-2","Public, 4-year or above"
"232937","Norfolk State University","2023","Norfolk State University","-2","Public, 4-year or above"
"232982","Old Dominion University","2023","Old Dominion University","-2","Public, 4-year or above"
"233277","Radford University","2023","Radford University","-2","Public, 4-year or above"
"233897","University of Virginia's College at Wise","2023","University of Virginia's College at Wise","-2","Public, 4-year or above"
"233921","Virginia Polytechnic Institute and State University","2023","Virginia Polytechnic Institute and State University","-2","Public, 4-year or above"
"234030","Virginia Commonwealth University","2023","Virginia Commonwealth University","-2","Public, 4-year or above"
"234076","University of Virginia-Main Campus","2023","University of Virginia-Main Campus","-2","Public, 4-year or above"
"234085","Virginia Military Institute","2023","Virginia Military Institute","-2","Public, 4-year or above"
"234155","Virginia State University","2023","Virginia State University","-2","Public, 4-year or above"
"234669","Bellevue College","2023","Bellevue College","-2","Public, 4-year or above"
"234696","Bellingham Technical College","2023","Bellingham Technical College","-2","Public, 4-year or above"
"234711","Big Bend Community College","2023","Big Bend Community College","-2","Public, 4-year or above"
"234827","Central Washington University","2023","Central Washington University","-2","Public, 4-year or above"
"234845","Centralia College","2023","Centralia College","-2","Public, 4-year or above"
"234933","Clark College","2023","Clark College","-2","Public, 4-year or above"
"234951","Clover Park Technical College","2023","Clover Park Technical College","-2","Public, 4-year or above"
"234979","Columbia Basin College","2023","Columbia Basin College","-2","Public, 4-year or above"
"235097","Eastern Washington University","2023","Eastern Washington University","-2","Public, 4-year or above"
"235103","Edmonds College","2023","Edmonds College","-2","Public, 4-year or above"
"235149","Everett Community College","2023","Everett Community College","-2","Public, 4-year or above"
"235167","The Evergreen State College","2023","The Evergreen State College","-2","Public, 4-year or above"
"235237","Pierce College District","2023","Pierce College District","-2","Public, 4-year or above"
"235334","Grays Harbor College","2023","Grays Harbor College","-2","Public, 4-year or above"
"235343","Green River College","2023","Green River College","-2","Public, 4-year or above"
"235431","Highline College","2023","Highline College","-2","Public, 4-year or above"
"235699","Lake Washington Institute of Technology","2023","Lake Washington Institute of Technology","-2","Public, 4-year or above"
"235750","Lower Columbia College","2023","Lower Columbia College","-2","Public, 4-year or above"
"236072","North Seattle College","2023","North Seattle College","-2","Public, 4-year or above"
"236188","Olympic College","2023","Olympic College","-2","Public, 4-year or above"
"236258","Peninsula College","2023","Peninsula College","-2","Public, 4-year or above"
"236382","Renton Technical College","2023","Renton Technical College","-2","Public, 4-year or above"
"236504","South Seattle College","2023","South Seattle College","-2","Public, 4-year or above"
"236513","Seattle Central College","2023","Seattle Central College","-2","Public, 4-year or above"
"236638","Skagit Valley College","2023","Skagit Valley College","-2","Public, 4-year or above"
"236692","Spokane Community College","2023","Spokane Community College","-2","Public, 4-year or above"
"236708","Spokane Falls Community College","2023","Spokane Falls Community College","-2","Public, 4-year or above"
"236753","Tacoma Community College","2023","Tacoma Community College","-2","Public, 4-year or above"
"236887","Walla Walla Community College","2023","Walla Walla Community College","-2","Public, 4-year or above"
"236939","Washington State University","2023","Washington State University","-2","Public, 4-year or above"
"236948","University of Washington-Seattle Campus","2023","University of Washington-Seattle Campus","-2","Public, 4-year or above"
"236975","Wenatchee Valley College","2023","Wenatchee Valley College","-2","Public, 4-year or above"
"237011","Western Washington University","2023","Western Washington University","-2","Public, 4-year or above"
"237039","Whatcom Community College","2023","Whatcom Community College","-2","Public, 4-year or above"
"237109","Yakima Valley College","2023","Yakima Valley College","-2","Public, 4-year or above"
"237215","Bluefield State University","2023","Bluefield State University","-2","Public, 4-year or above"
"237330","Concord University","2023","Concord University","-2","Public, 4-year or above"
"237367","Fairmont State University","2023","Fairmont State University","-2","Public, 4-year or above"
"237385","Glenville State University","2023","Glenville State University","-2","Public, 4-year or above"
"237525","Marshall University","2023","Marshall University","-2","Public, 4-year or above"
"237686","West Virginia University at Parkersburg","2023","West Virginia University at Parkersburg","-2","Public, 4-year or above"
"237701","Potomac State College of West Virginia University","2023","Potomac State College of West Virginia University","-2","Public, 4-year or above"
"237792","Shepherd University","2023","Shepherd University","-2","Public, 4-year or above"
"237880","West Virginia School of Osteopathic Medicine","2023","West Virginia School of Osteopathic Medicine","-2","Public, 4-year or above"
"237899","West Virginia State University","2023","West Virginia State University","-2","Public, 4-year or above"
"237932","West Liberty University","2023","West Liberty University","-2","Public, 4-year or above"
"237950","West Virginia University Institute of Technology","2023","West Virginia University Institute of Technology","-2","Public, 4-year or above"
"238032","West Virginia University","2023","West Virginia University","-2","Public, 4-year or above"
"238263","Madison Area Technical College","2023","Madison Area Technical College","-2","Public, 4-year or above"
"240189","University of Wisconsin-Whitewater","2023","University of Wisconsin-Whitewater","-2","Public, 4-year or above"
"240268","University of Wisconsin-Eau Claire","2023","University of Wisconsin-Eau Claire","-2","Public, 4-year or above"
"240277","University of Wisconsin-Green Bay","2023","University of Wisconsin-Green Bay","-2","Public, 4-year or above"
"240329","University of Wisconsin-La Crosse","2023","University of Wisconsin-La Crosse","-2","Public, 4-year or above"
"240365","University of Wisconsin-Oshkosh","2023","University of Wisconsin-Oshkosh","-2","Public, 4-year or above"
"240374","University of Wisconsin-Parkside","2023","University of Wisconsin-Parkside","-2","Public, 4-year or above"
"240417","University of Wisconsin-Stout","2023","University of Wisconsin-Stout","-2","Public, 4-year or above"
"240426","University of Wisconsin-Superior","2023","University of Wisconsin-Superior","-2","Public, 4-year or above"
"240444","University of Wisconsin-Madison","2023","University of Wisconsin-Madison","-2","Public, 4-year or above"
"240453","University of Wisconsin-Milwaukee","2023","University of Wisconsin-Milwaukee","-2","Public, 4-year or above"
"240462","University of Wisconsin-Platteville","2023","University of Wisconsin-Platteville","-2","Public, 4-year or above"
"240471","University of Wisconsin-River Falls","2023","University of Wisconsin-River Falls","-2","Public, 4-year or above"
"240480","University of Wisconsin-Stevens Point","2023","University of Wisconsin-Stevens Point","-2","Public, 4-year or above"
"240514","Central Wyoming College","2023","Central Wyoming College","-2","Public, 4-year or above"
"240620","Laramie County Community College","2023","Laramie County Community College","-2","Public, 4-year or above"
"240657","Northwest College","2023","Northwest College","-2","Public, 4-year or above"
"240693","Western Wyoming Community College","2023","Western Wyoming Community College","-2","Public, 4-year or above"
"240727","University of Wyoming","2023","University of Wyoming","-2","Public, 4-year or above"
"240736","American Samoa Community College","2023","American Samoa Community College","-2","Public, 4-year or above"
"240745","Guam Community College","2023","Guam Community College","-2","Public, 4-year or above"
"240754","University of Guam","2023","University of Guam","-2","Public, 4-year or above"
"240790","Northern Marianas College","2023","Northern Marianas College","-2","Public, 4-year or above"
"241720","Colegio Universitario de San Juan","2023","Colegio Universitario de San Juan","-2","Public, 4-year or above"
"241766","Puerto Rico Conservatory of Music","2023","Puerto Rico Conservatory of Music","-2","Public, 4-year or above"
"241951","Escuela de Artes Plasticas y Diseno de Puerto Rico","2023","Escuela de Artes Plasticas y Diseno de Puerto Rico","-2","Public, 4-year or above"
"243106","University of Puerto Rico-Aguadilla","2023","University of Puerto Rico-Aguadilla","-2","Public, 4-year or above"
"243115","University of Puerto Rico-Arecibo","2023","University of Puerto Rico-Arecibo","-2","Public, 4-year or above"
"243133","University of Puerto Rico-Bayamon","2023","University of Puerto Rico-Bayamon","-2","Public, 4-year or above"
"243142","University of Puerto Rico-Carolina","2023","University of Puerto Rico-Carolina","-2","Public, 4-year or above"
"243151","University of Puerto Rico at Cayey","2023","University of Puerto Rico at Cayey","-2","Public, 4-year or above"
"243179","University of Puerto Rico-Humacao","2023","University of Puerto Rico-Humacao","-2","Public, 4-year or above"
"243188","University of Puerto Rico-Utuado","2023","University of Puerto Rico-Utuado","-2","Public, 4-year or above"
"243197","University of Puerto Rico-Mayaguez","2023","University of Puerto Rico-Mayaguez","-2","Public, 4-year or above"
"243203","University of Puerto Rico-Medical Sciences","2023","University of Puerto Rico-Medical Sciences","-2","Public, 4-year or above"
"243212","University of Puerto Rico at Ponce","2023","University of Puerto Rico at Ponce","-2","Public, 4-year or above"
"243221","University of Puerto Rico-Rio Piedras","2023","University of Puerto Rico-Rio Piedras","-2","Public, 4-year or above"
"243638","College of Micronesia-FSM","2023","College of Micronesia-FSM","-2","Public, 4-year or above"
"243665","University of the Virgin Islands","2023","University of the Virgin Islands","-2","Public, 4-year or above"
"243780","Purdue University-Main Campus","2023","Purdue University-Main Campus","-2","Public, 4-year or above"
"247834","Collin County Community College District","2023","Collin County Community College District","-2","Public, 4-year or above"
"260372","Lac Courte Oreilles Ojibwe University","2023","Lac Courte Oreilles Ojibwe University","-2","Public, 4-year or above"
"262086","University of Massachusetts Global","2023","University of Massachusetts Global","-2","Public, 4-year or above"
"262129","New College of Florida","2023","New College of Florida","-2","Public, 4-year or above"
"364016","Paradise Valley Community College","2023","Paradise Valley Community College","-2","Public, 4-year or above"
"366252","Pennsylvania College of Technology","2023","Pennsylvania College of Technology","-2","Public, 4-year or above"
"366340","Stone Child College","2023","Stone Child College","-2","Public, 4-year or above"
"366711","California State University-San Marcos","2023","California State University-San Marcos","-2","Public, 4-year or above"
"376695","College of the Marshall Islands","2023","College of the Marshall Islands","-2","Public, 4-year or above"
"377555","University of Washington-Bothell Campus","2023","University of Washington-Bothell Campus","-2","Public, 4-year or above"
"377564","University of Washington-Tacoma Campus","2023","University of Washington-Tacoma Campus","-2","Public, 4-year or above"
"380359","Bay Mills Community College","2023","Bay Mills Community College","-2","Public, 4-year or above"
"380368","Fond du Lac Tribal and Community College","2023","Fond du Lac Tribal and Community College","-2","Public, 4-year or above"
"380377","Northwest Indian College","2023","Northwest Indian College","-2","Public, 4-year or above"
"409315","South Texas College","2023","South Texas College","-2","Public, 4-year or above"
"409698","California State University-Monterey Bay","2023","California State University-Monterey Bay","-2","Public, 4-year or above"
"416801","The University of Texas MD Anderson Cancer Center","2023","The University of Texas MD Anderson Cancer Center","-2","Public, 4-year or above"
"433174","Carolinas College of Health Sciences","2023","Carolinas College of Health Sciences","-2","Public, 4-year or above"
"433660","Florida Gulf Coast University","2023","Florida Gulf Coast University","-2","Public, 4-year or above"
"434584","Ilisagvik College","2023","Ilisagvik College","-2","Public, 4-year or above"
"435000","Louisiana State University Health Sciences Center-Shreveport","2023","Louisiana State University Health Sciences Center-Shreveport","-2","Public, 4-year or above"
"436818","University of Connecticut-Waterbury Campus","2023","University of Connecticut-Waterbury Campus","-2","Public, 4-year or above"
"436827","University of Connecticut-Avery Point","2023","University of Connecticut-Avery Point","-2","Public, 4-year or above"
"436836","University of Connecticut-Stamford","2023","University of Connecticut-Stamford","-2","Public, 4-year or above"
"439190","Cascadia College","2023","Cascadia College","-2","Public, 4-year or above"
"440828","Oregon State University-Cascades Campus","2023","Oregon State University-Cascades Campus","-2","Public, 4-year or above"
"440916","Southern University Law Center","2023","Southern University Law Center","-2","Public, 4-year or above"
"441900","Nevada State University","2023","Nevada State University","-2","Public, 4-year or above"
"441937","California State University-Channel Islands","2023","California State University-Channel Islands","-2","Public, 4-year or above"
"442569","University of Arkansas Grantham","2023","University of Arkansas Grantham","-2","Public, 4-year or above"
"445188","University of California-Merced","2023","University of California-Merced","-2","Public, 4-year or above"
"447689","Georgia Gwinnett College","2023","Georgia Gwinnett College","-2","Public, 4-year or above"
"456959","University of Minnesota-Rochester","2023","University of Minnesota-Rochester","-2","Public, 4-year or above"
"459949","Texas A&M University-San Antonio","2023","Texas A&M University-San Antonio","-2","Public, 4-year or above"
"463056","University of Connecticut-Hartford Campus","2023","University of Connecticut-Hartford Campus","-2","Public, 4-year or above"
"476975","Colorado State University Global","2023","Colorado State University Global","-2","Public, 4-year or above"
"479956","Pennsylvania State University-World Campus","2023","Pennsylvania State University-World Campus","-2","Public, 4-year or above"
"482149","Augusta University","2023","Augusta University","-2","Public, 4-year or above"
"482158","Middle Georgia State University","2023","Middle Georgia State University","-2","Public, 4-year or above"
"482680","University of North Georgia","2023","University of North Georgia","-2","Public, 4-year or above"
"482699","South Georgia State College","2023","South Georgia State College","-2","Public, 4-year or above"
"482936","Florida Polytechnic University","2023","Florida Polytechnic University","-2","Public, 4-year or above"
"483036","Texas A&M University-Central Texas","2023","Texas A&M University-Central Texas","-2","Public, 4-year or above"
"483124","Arizona State University Digital Immersion","2023","Arizona State University Digital Immersion","-2","Public, 4-year or above"
"484473","University of Florida-Online","2023","University of Florida-Online","-2","Public, 4-year or above"
"484905","University of North Texas at Dallas","2023","University of North Texas at Dallas","-2","Public, 4-year or above"
"485111","Georgia Military College","2023","Georgia Military College","-2","Public, 4-year or above"
"486840","Kennesaw State University","2023","Kennesaw State University","-2","Public, 4-year or above"
"487010","The University of Tennessee Health Science Center","2023","The University of Tennessee Health Science Center","-2","Public, 4-year or above"
"488800","Teachers College of San Joaquin","2023","Teachers College of San Joaquin","-2","Public, 4-year or above"
"489779","Purdue University Global","2023","Purdue University Global","-2","Public, 4-year or above"
"490805","Purdue University Northwest","2023","Purdue University Northwest","-2","Public, 4-year or above"
"491288","University of Wisconsin-Milwaukee Flex","2023","University of Wisconsin-Milwaukee Flex","-2","Public, 4-year or above"
"491297","University of Wisconsin-Parkside Flex","2023","University of Wisconsin-Parkside Flex","-2","Public, 4-year or above"
"492689","Texas Tech University Health Sciences Center-El Paso","2023","Texas Tech University Health Sciences Center-El Paso","-2","Public, 4-year or above"
"498562","Commonwealth University of Pennsylvania","2023","Commonwealth University of Pennsylvania","-2","Public, 4-year or above"
"498571","Pennsylvania Western University","2023","Pennsylvania Western University","-2","Public, 4-year or above"
